time,co2,temperature,humidity,pressure
 1637177210 , 1008 , 22.450001 , 39.620117 , 102371.703125 
 1637177218 , 0 , 22.549999 , 39.585938 , 102369.968750 
